username;date;retweets;favorites;text;geo;mentions;hashtags;id;permalink
AriMelber;2016/02/09 17:52;156;230;"Whatever one thinks of Donald Trump's policies, a primary victory here, by any margin, would be a huge tsunami. Undeniable.";;;;"697191476674097153";https://twitter.com/AriMelber/status/697191476674097153
JPAndreas1;2016/02/09 18:59;0;1;"TRUTH! RT @SocialPros: Ted Cruz: Donald Trump ‘does not handle losing very well’ http://www.washingtontimes.com/news/2016/feb/9/ted-cruz-donald-does-not-handle-losing-very-well/ …pic.twitter.com/a8SqqTw14k";;@SocialPros;;"697208341295190017";https://twitter.com/JPAndreas1/status/697208341295190017
WhitevsBIackTwt;2015/12/09 21:04;101;219;"John Cena's face while Donald Trump was talking on the Today Show this morning pic.twitter.com/PbSc1PGeLy";;;;"674771599036387328";https://twitter.com/WhitevsBIackTwt/status/674771599036387328
jerrysremodeli1;2016/02/09 18:52;20;11;"America there coming for your jobs your money and possibly your life help stop this Vote for Donald Trump pic.twitter.com/nNUokat9xd";Kansas, USA;;;"697206363185766400";https://twitter.com/jerrysremodeli1/status/697206363185766400
hurtsellers;2016/02/09 18:59;2;0;"Why The Catalina's Wouldn't Mind Donald Trump As President http://fb.me/2qWNnmAiF ";;;;"697208311700070400";https://twitter.com/hurtsellers/status/697208311700070400
lifeismerry_;2016/02/09 18:59;4;4;"it's 2016 and domestic violence, racism, homophobia, sex trafficking, donald trump, terrorism, etc. is still a reality when it shouldn't be.";;;;"697208271422107648";https://twitter.com/lifeismerry_/status/697208271422107648
Margaret_mayhem;2016/02/09 18:59;1;4;"Ugh hearing on the news about how Donald Trump is failing miserably makes me so so happy";;;;"697208269442568193";https://twitter.com/Margaret_mayhem/status/697208269442568193
WVNYWFFF;2016/02/09 18:59;0;0;"Donald Trump's Last Push for Votes http://bit.ly/1Wcoz86 ";;;;"697208203436802049";https://twitter.com/WVNYWFFF/status/697208203436802049
trisarahhobs;2016/02/09 18:59;2;3;"fuck donald trump";;;;"697208192443539456";https://twitter.com/trisarahhobs/status/697208192443539456
EmmaStorey10;2016/02/09 18:59;0;0;"or you could go with the classic Donald trump look yaknow @JoshuaDtownpic.twitter.com/OA0zVAAAC1";;@JoshuaDtownpic;;"697208176949665792";https://twitter.com/EmmaStorey10/status/697208176949665792
ldmartinez;2016/02/09 18:59;0;2;"@mattyglesias Kanye and Donald Trump.";;@mattyglesias;;"697208167072210944";https://twitter.com/ldmartinez/status/697208167072210944
oliviaactually;2016/02/09 18:59;0;0;"I will never understand how some people can actually take Donald Trump seriously";;;;"697208154736717825";https://twitter.com/oliviaactually/status/697208154736717825
brookpos;2016/02/09 18:59;0;0;""Your Tuesday Evening Briefing: Donald Trump, James Clapper, Hillary Clinton" by ANDREA KANNAPELL and SANDRA STEVE… http://ift.tt/1Q66nbL ";;;;"697208152622833666";https://twitter.com/brookpos/status/697208152622833666
IsoraRuth;2016/02/09 18:59;0;1;"Which Revolutionary Will America Choose — Bernie Sanders, Donald Trump or Ted Cruz http://www.glennbeck.com/2016/02/09/which-revolutionary-will-america-choose-bernie-sanders-donald-trump-or-ted-cruz/?utm_source=twitter&utm_medium=story&utm_campaign=ShareButtons … via @glennbeck";;@glennbeck;;"697208149418311680";https://twitter.com/IsoraRuth/status/697208149418311680
AIIAmericanGirI;2016/02/09 18:59;6;6;"Ben Carson: Open to Donald Trump's Vice President Slot http://feedproxy.google.com/~r/breitbart/~3/1qWGTbBQ1ao/ …";;;;"697208141398700033";https://twitter.com/AIIAmericanGirI/status/697208141398700033
syubcrose;2016/02/09 18:59;0;4;"take that donald trump";;;;"697208131974107137";https://twitter.com/syubcrose/status/697208131974107137
newsmediawont;2016/02/09 18:59;0;0;"Governor Jeb Bush Has A Much More Serious "Eminent Domain" Problem Than Donald Trump.... http://fb.me/2hi0NQUWe ";;;;"697208129906413568";https://twitter.com/newsmediawont/status/697208129906413568
TheRalphRetort;2016/02/09 18:59;0;2;"#NowPlaying Donald Trump Walk by Jerry James ♫ http://spoti.fi/1o4RQ6w ";;;#NowPlaying;"697208111732547584";https://twitter.com/TheRalphRetort/status/697208111732547584
TheresaMechele;2016/02/09 18:59;3;3;"@MonicaCrowley Donald Trump Huge Heart Five Incredible Acts of Kindness we never hear about. Sick of PC! http://ijreview.com/2015/11/461306-these-5-acts-of-kindness-reveal-theres-more-to-donald-trump-than-just-his-celebrity-persona/ … … …";;@MonicaCrowley;;"697208109144547328";https://twitter.com/TheresaMechele/status/697208109144547328
landonleuck;2016/02/09 18:59;3;10;"MAKE AMERICA GREAT AGAIN by not voting for DONALD TRUMP!";;;;"697208106099609600";https://twitter.com/landonleuck/status/697208106099609600
EmmaStorey10;2016/02/09 18:58;0;0;"or you could go with the classic Donald trump look yaknow @JoshuaDtownpic.twitter.com/iDuL4sNz5V";;@JoshuaDtownpic;;"697208100118376449";https://twitter.com/EmmaStorey10/status/697208100118376449
sav01;2016/02/09 18:58;0;0;"IMO neither Donald Trump nor John Kasich are conservatives or Republicans..";;;;"697208091213860865";https://twitter.com/sav01/status/697208091213860865
Curvaspoliticas;2016/02/09 18:58;1;1;"this. / Donald Trump and Bernie Sanders are already campaigning against each other http://bloom.bg/1QSIR58 ";;;;"697208077058228224";https://twitter.com/Curvaspoliticas/status/697208077058228224
GarretLebois;2016/02/09 18:58;0;1;"Ben Carson: Open to Donald Trump’s Vice President Slot http://www.breitbart.com/big-government/2016/02/09/ben-carson-open-to-donald-trumps-vice-president-slot/ … ~Go back in my Tweets 4-5 months; That'd mean I nailed it";;;;"697208066735902721";https://twitter.com/GarretLebois/status/697208066735902721
jusroyce;2016/02/09 18:58;1;0;"I don't understand how anyone could vote for Donald Trump. It makes me sad to be american knowing that our country could elect that goon.";;;;"697208052353789952";https://twitter.com/jusroyce/status/697208052353789952
rc1963;2016/02/09 18:58;1;1;"Ex-Wife: Donald Trump Made Me Feel ‘Violated’ During Sex - The Daily Beast http://www.thedailybeast.com/articles/2015/07/27/ex-wife-donald-trump-made-feel-violated-during-sex.html …";;;;"697208024096702465";https://twitter.com/rc1963/status/697208024096702465
Rafiu_fishbone;2016/02/09 18:58;0;0;"So with all these scientific and economic evidence, Donald Trump still don't believe in #Climatechange what a pity..";;;#Climatechange;"697208021588537344";https://twitter.com/Rafiu_fishbone/status/697208021588537344
dandeluce;2016/02/09 18:58;12;10;"Surprise: Canadians Fear and Loathe Donald Trump http://foreignpolicy.com/2016/02/09/surprise-canadians-fear-and-loathe-donald-trump/ …";;;;"697207984892411905";https://twitter.com/dandeluce/status/697207984892411905
blondecurlyhead;2016/02/09 18:58;0;1;"Who are the idiots in this country that are actually voting for Donald Trump? Just wondering.";;;;"697207952965558272";https://twitter.com/blondecurlyhead/status/697207952965558272
Sarahh_Nicole13;2016/02/09 18:58;1;2;"Mr. Brock always taught me that once you called someone else a name during a debate, you've already lost. Donald Trump has lost. A lot...";;;;"697207900310237184";https://twitter.com/Sarahh_Nicole13/status/697207900310237184
AtlantaNewsFeed;2016/02/09 18:58;0;0;"WAGA/FOX 5: Donald Trump drops the 'p' word http://bit.ly/1O21mQ8 ";;;;"697207882086006784";https://twitter.com/AtlantaNewsFeed/status/697207882086006784
GoMarlin;2016/02/09 18:58;0;0;"Vote for Donald Trump if you think he will win the #NHPrimary!https://cards.twitter.com/cards/mvpys/1g4ft …";;;#NHPrimary;"697207877690232832";https://twitter.com/GoMarlin/status/697207877690232832
KylieSevers;2016/02/09 18:58;1;1;""I have to get this off my chest, Donald Trump is a jerk."";;;;"697207864264253440";https://twitter.com/KylieSevers/status/697207864264253440
SheridanFolger;2016/02/09 18:57;0;0;"How David Brooks' Fake Conservatism Created Donald Trump's Fake Conservatism http://fb.me/PlJygYli ";;;;"697207841258631169";https://twitter.com/SheridanFolger/status/697207841258631169
keiththecamel;2016/02/09 18:57;0;1;"@nickgoff79 Could have summed up those three tweets by just tweeting "Donald Trump is an evil cunt".";;@nickgoff79;;"697207831070666752";https://twitter.com/keiththecamel/status/697207831070666752
teetag48;2016/02/09 18:57;0;0;"Lorne Michaels on Donald Trump: "He Could End Up Being the Moderate" - The Hollywood Reporter https://apple.news/AxZIcGjnxSJyk3o3tgNw5XA …";;;;"697207811667787776";https://twitter.com/teetag48/status/697207811667787776
RichardW_1943;2016/02/09 18:57;0;0;"BBC News - Viewpoint: Are Donald Trump and his rivals a big joke? http://www.bbc.com/news/magazine-35521558 …";;;;"697207760585256960";https://twitter.com/RichardW_1943/status/697207760585256960
Brand_Allen;2016/02/09 18:57;12;32;"Have to be honest - I'd happily settle for a John Kasich victory tonight if it means Donald Trump loses again. #FITN #NHPrimary";;;#FITN #NHPrimary;"697207752226119680";https://twitter.com/Brand_Allen/status/697207752226119680
TheDonutShop;2016/02/09 18:57;0;0;""Your Tuesday Evening Briefing: Donald Trump, James Clapper, Hillary Clinton" by ANDREA KANNAPELL and SANDRA STEVE… http://ift.tt/1Q66nbL ";;;;"697207730617061378";https://twitter.com/TheDonutShop/status/697207730617061378
utbrp;2016/02/09 18:57;0;0;"In Donald Trump's mind he's perfect. Attack his imperfections and he'll lose his mind...";;;;"697207717694279680";https://twitter.com/utbrp/status/697207717694279680
_emanxo_;2016/02/09 18:57;0;2;"Donald Trump is honestly so stupid and childish, don't even know why he's still in the presidential race";;;;"697207698044096513";https://twitter.com/_emanxo_/status/697207698044096513
HornerMichelle;2016/02/09 18:57;0;0;"Obama Voters Are Voting for...Donald Trump? http://louderwithcrowder.com/obama-voters-like-donald-trump/#.Vrp81xo8UMU.twitter …";;;#;"697207655538888705";https://twitter.com/HornerMichelle/status/697207655538888705
HudsonBlueLLC;2016/02/09 18:57;0;0;"Kevin O’Leary says a Donald Trump presidency will boost U.S. markets http://www.bnn.ca/News/2016/2/9/Kevin-OLeary-says-a-Donald-Trump-presidency-will-boost-US-markets.aspx#.Vrp8sk5mqgU.twitter … @realDonaldTrump";;@realDonaldTrump;#;"697207643115384832";https://twitter.com/HudsonBlueLLC/status/697207643115384832
ChinaInvest;2016/02/09 18:57;0;0;"RT FT : A brash Donald Trump tested: New Hampshire primary vote on contrasts. http://on.ft.com/1nWmVwe pic.twitter.com/dublbSg7eZ";;;;"697207608499965953";https://twitter.com/ChinaInvest/status/697207608499965953
rc1963;2016/02/09 18:56;0;0;"Did Trump admit cheating on wife? Donald Trump says 'indiscretions like cheating on his first wife are fair game' http://www.dailymail.co.uk/news/article-3378905/Trump-says-personal-indiscretions-including-cheating-wife-fair-game-politics.html …";;;;"697207575989899264";https://twitter.com/rc1963/status/697207575989899264
buffaloon;2016/02/09 18:56;1;0;"BREAKING: Donald Trump Wins Iowa Caucuses! | Wonkette http://po.st/yQx4Tv  via @po_st";;@po_st;;"697207564413571072";https://twitter.com/buffaloon/status/697207564413571072
matthew_speaks;2016/02/09 18:56;1;1;"Yes I'm in Britain and I'm going go vote for Donald Trump. https://twitter.com/thegayguytweets/status/697202704154669056 …";;;;"697207561313980416";https://twitter.com/matthew_speaks/status/697207561313980416
Primal;2016/02/09 18:56;1;0;"@2nd_To_None Megyn Kelly Explains Feud With #DonaldTrump, Wonders If She Was the Target of His... http://pri.ml/1gT_-1W6  via theblaze";;@2nd_To_None;#DonaldTrump;"697207555894964224";https://twitter.com/Primal/status/697207555894964224
DebbieDo75;2016/02/09 18:56;0;0;"Exactly why I support Donald Trump, can no longer be silent about the socialist movement disguised as Democrat Party https://twitter.com/madeleine/status/692492919606022145 …";;;;"697207547468451841";https://twitter.com/DebbieDo75/status/697207547468451841
EmmaStorey10;2016/02/09 18:56;0;0;"or you could go with the classic Donald trump look yaknow @JoshuaDtownpic.twitter.com/TWWmeYDOwi";;@JoshuaDtownpic;;"697207528950595584";https://twitter.com/EmmaStorey10/status/697207528950595584
Claudinhojapa;2016/02/09 18:56;0;0;"Your Tuesday Evening Briefing: Donald Trump, James Clapper, Hillary Clinton, via @nytimes http://www.nytimes.com/2016/02/09/nytnow/your-tuesday-evening-briefing-donald-trump-james-clapper-hillary-clinton.html?smid=nytcore-iphone-share&smprod=nytcore-iphone …";;@nytimes;;"697207527260422145";https://twitter.com/Claudinhojapa/status/697207527260422145
antonioarch;2016/02/09 18:56;0;0;"I liked a @YouTube video from @kylekulinski http://youtu.be/1QlM0hl-cT8?a  Donald Trump Is Really Confused About Healthcare";;@YouTube @kylekulinski;;"697207522529140736";https://twitter.com/antonioarch/status/697207522529140736
DjoeminganB;2016/02/09 18:56;1;1;"@TimeforTruth16 @TeamTrumpAZ At last Donald Trump will win Nh.";;@TimeforTruth16 @TeamTrumpAZ;;"697207521627369473";https://twitter.com/DjoeminganB/status/697207521627369473
THR;2016/02/09 18:56;19;23;"Lorne Michaels on Donald Trump: "He could end up being the moderate" http://thr.cm/spTNp4 pic.twitter.com/d58N1jfmIB";;;;"697207513599488000";https://twitter.com/THR/status/697207513599488000
JuliaStengel;2016/02/09 18:56;1;4;"my brother just said he hopes donald trump comes to RI...i think i need to move out.";;;;"697207484667314176";https://twitter.com/JuliaStengel/status/697207484667314176
AngelOfMusicCC;2016/02/09 18:56;0;0;"If you still think America is the greatest country in the world, maybe you haven't heard Donald Trump has a chance of being on the ballot";;;;"697207469647466501";https://twitter.com/AngelOfMusicCC/status/697207469647466501
4ExposingRecord;2016/02/09 18:56;0;0;"Top story: Lester Holt to Donald Trump: "Would you say that as president?" https://amp.twimg.com/v/c9fad97b-394e-45d3-9606-630a4dde1ee7 …, see more http://tweetedtimes.com/4ExposingRecord?s=tnp …";;;;"697207442401316864";https://twitter.com/4ExposingRecord/status/697207442401316864
HornerMichelle;2016/02/09 18:56;0;0;"Donald Trump: The Business Resume http://www.glennbeck.com/2016/02/09/donald-trump-the-business-resume/?utm_source=twitter&utm_medium=story&utm_campaign=ShareButtons … via @glennbeck";;@glennbeck;;"697207417105321984";https://twitter.com/HornerMichelle/status/697207417105321984
ajplus;2016/02/09 18:56;131;104;""Waterboarding's not tough enough." –Donald Trump https://amp.twimg.com/v/61340ca3-eb25-4357-b658-2779a95a7c2f …";;;;"697207391884972032";https://twitter.com/ajplus/status/697207391884972032
tuubol;2016/02/09 18:56;0;0;"Donald Trump, Bernie Sanders look to emerge from New Hampshire with wins - Economic Times http://ift.tt/20U9Wtr  #IndiaNews";;;#IndiaNews;"697207363875561472";https://twitter.com/tuubol/status/697207363875561472
WinLegal;2016/02/09 18:55;0;0;"Donald Trump’s vile closing argument in New Hampshire http://wapo.st/20IeQgy pic.twitter.com/z9LOwgvisE";;;;"697207335064858628";https://twitter.com/WinLegal/status/697207335064858628
as_promised;2016/02/09 18:55;0;0;"WTF? The big beautiful #WALL solves the #tradedeficit ?? MSNBC’s Tamron Hall unmasks Donald Trump:http://www.rawstory.com/2016/02/msnbcs-tamron-hall-unmasks-donald-trump-the-great-wall-of-china-was-built-with-slave-labor/#.Vrp8VdFVWWk.twitter …";;;#WALL #tradedeficit #;"697207333852581888";https://twitter.com/as_promised/status/697207333852581888
ChiefEasyWaters;2016/02/09 18:55;0;0;"I'm just waiting for Kanye to endorse Donald Trump so I can troll all of his stans into oblivion.";;;;"697207325891784705";https://twitter.com/ChiefEasyWaters/status/697207325891784705
virtualstoic;2016/02/09 18:55;0;1;"Sal from the impractical jokers follows Donald Trump on twitter... I am so disappointed";;;;"697207314336632834";https://twitter.com/virtualstoic/status/697207314336632834
catarinamatos;2016/02/09 18:55;0;6;"DONALD TRUMP IS THE SWEETEST PERSON !!!!!! https://twitter.com/kanyewest/status/697199554807099394 …";;;;"697207266458648576";https://twitter.com/catarinamatos/status/697207266458648576
Trumps_Hat;2016/02/09 18:55;2;2;"Kanye West Supports Donald Trump";;;;"697207165568884737";https://twitter.com/Trumps_Hat/status/697207165568884737
EmmaStorey10;2016/02/09 18:55;0;0;"or you could go with the classic Donald trump look yaknow @JoshuaDtownpic.twitter.com/eyzsutqlAK";;@JoshuaDtownpic;;"697207152662810624";https://twitter.com/EmmaStorey10/status/697207152662810624
micnews;2016/02/09 18:55;14;14;"Here's Donald Trump actually saying he would turn away Syrian refugee children: pic.twitter.com/eYtEGMQiHu";;;;"697207149269745664";https://twitter.com/micnews/status/697207149269745664
daenerysexual;2016/02/09 18:55;0;6;"Saying bill cosby is innocent is like saying donald trump isn't racist https://twitter.com/kanyewest/status/697199554807099394 …";;;;"697207147554279425";https://twitter.com/daenerysexual/status/697207147554279425
Timesolizer;2016/02/09 18:55;0;0;"Your Tuesday Evening Briefing: Donald Trump, James Clapper, Hillary Clinton http://thetimestimes.trendolizer.com/2016/02/your-tuesday-evening-briefing-donald-trump-james-clapper-hillary-clinton.html …pic.twitter.com/Ykzw2LwSzZ";;;;"697207114637381633";https://twitter.com/Timesolizer/status/697207114637381633
PoorRobin;2016/02/09 18:54;0;1;"When the last customer of the day REALLLLY wants to talk to you about Donald Trump and how he's gonna win the election. #pleaseno";;;#pleaseno;"697207095234424833";https://twitter.com/PoorRobin/status/697207095234424833
Asher_P_Fly;2016/02/09 18:54;4;3;"If the MEDIA took @HillaryClinton to task based on her misdeeds as vigorously as they are #DonaldTrump she would fall like a ton of bricks";;@HillaryClinton;#DonaldTrump;"697207080227201025";https://twitter.com/Asher_P_Fly/status/697207080227201025
daytondailynews;2016/02/09 18:54;0;0;"‘He’s a ______!’: Donald Trump repeats vulgar slur about Ted Cruz. http://ddnnews.com/1RnwXSS ";;;;"697207032802361344";https://twitter.com/daytondailynews/status/697207032802361344
BlueBallofFur;2016/02/09 18:54;2;0;"I liked a @YouTube video http://youtu.be/e43EIwjVKeQ?a  Donald Trump Bing Bong - Remix Compilation #2";;@YouTube;#2;"697207014456455168";https://twitter.com/BlueBallofFur/status/697207014456455168
bobby_griffith;2016/02/09 18:54;0;5;"Sammy does not like Donald Trump. He came up with this on his own by watching the news. https://www.instagram.com/p/BBla4I_GfVL/ ";;;;"697206951202181121";https://twitter.com/bobby_griffith/status/697206951202181121
blakewcs;2016/02/09 18:54;2;4;"It's so cute how Donald Trump visits the voting spots pic.twitter.com/rl7J2nUlgU";;;;"697206943509848064";https://twitter.com/blakewcs/status/697206943509848064
rcolema75;2016/02/09 18:54;0;0;"IA Christians NH secular all said by Chuck Todd as if excusing the atrocious behavior of the vile man Donald Trump! pic.twitter.com/yKJbvkomAe";;;;"697206939365691392";https://twitter.com/rcolema75/status/697206939365691392
Jeroener;2016/02/09 18:54;1;0;"DONALD TRUMP A NICE MAN !!!!!!!!!! https://twitter.com/kanyewest/status/697199554807099394 …";;;;"697206930834640896";https://twitter.com/Jeroener/status/697206930834640896
DavidPapp;2016/02/09 18:54;0;0;"[VIDEO] Ted Cruz Says Donald Trump Is Just a Sore Loser http://j.mp/20Jh6nz ";;;;"697206914749489152";https://twitter.com/DavidPapp/status/697206914749489152
jkruzel25;2016/02/09 18:54;2;3;"Donald Trump running on his own name. First candidate to mention FAIR TRADE. Japan killed us in the 80's in the Auto Industry. No one cared";Reno, NV;;;"697206899909898244";https://twitter.com/jkruzel25/status/697206899909898244
SamKlomhaus;2016/02/09 18:54;0;0;"I decided I was a way better high school soccer player than Donald Trump. http://the18.com/news/i-have-something-common-donald-trump-and-i-dont …";;;;"697206896709664769";https://twitter.com/SamKlomhaus/status/697206896709664769
NickPrear;2016/02/09 18:54;0;2;"Mom Surprises Daughter Now add harmony. MonoNeon: WE ARE GOING TO SEE DONALD TRUMP IN PERSON https://youtu.be/yI-bO2J_mF0  via @YouTube";;@YouTube;;"697206895942221825";https://twitter.com/NickPrear/status/697206895942221825
RobZicariShow;2016/02/09 18:54;1;0;"Listen to MEDIA'S DOUBLE STANDARD WITH TRUMP by The Rob Zicari Show "Xtreme Politics" http://tobtr.com/8291281  #DonaldTrump #MSM #tcot";;;#DonaldTrump #MSM #tcot;"697206892943187968";https://twitter.com/RobZicariShow/status/697206892943187968
sokuho_in;2016/02/09 18:54;0;0;"■CNN速報(国際版)：Big lines of supporters trying to get into Donald Trump and Bernie Sanders' campaign HQ's hoping to see a win.";;;;"697206860038836224";https://twitter.com/sokuho_in/status/697206860038836224
EqualityMantra;2016/02/09 18:53;0;0;"Donald Trump Says Taking Away Marriage Equality Will "Unify Our Country" http://fb.me/4eHtYRQMN ";;;;"697206837460926464";https://twitter.com/EqualityMantra/status/697206837460926464
hash_said;2016/02/09 18:53;3;0;"Waiting for @kanyewest to endorse Donald Trump at this point.";;@kanyewest;;"697206798290448384";https://twitter.com/hash_said/status/697206798290448384
slayfrantaslay;2016/02/09 18:53;0;5;"@SawyerHartman *cough * Donald Trump";;@SawyerHartman;;"697206792170840065";https://twitter.com/slayfrantaslay/status/697206792170840065
BobG231;2016/02/09 18:53;3;8;"Align with Donald Trump on this key issue. https://twitter.com/thehill/status/697204607982948353 …";;;;"697206783148957696";https://twitter.com/BobG231/status/697206783148957696
sNaPpPerHeaD;2016/02/09 18:53;1;2;"Serial liar #TedCruz said even today "A vote for #DonaldTrump is a vote for #Obamacare" #CruzFraud #TCOT #NHPrimaryhttps://twitter.com/realDonaldTrump/status/697182075045179392 …";;;#TedCruz #DonaldTrump #Obamacare #CruzFraud #TCOT #NHPrimaryhttps;"697206759899996160";https://twitter.com/sNaPpPerHeaD/status/697206759899996160
gabbyferraraaa;2016/02/09 18:53;0;1;"@JoshuaDtown Donald trump style wins pic.twitter.com/awRYXHq6np";;@JoshuaDtown;;"697206727566106624";https://twitter.com/gabbyferraraaa/status/697206727566106624
yorkregionnews;2016/02/09 18:53;1;1;"Donald Trump, Bernie Sanders look to leave New Hampshire as winners: MANCHESTER, N.H. — Donald Trump and Bernie… http://m.tbnn.it/KSfJKC ";;;;"697206676034711552";https://twitter.com/yorkregionnews/status/697206676034711552
worldnewsshare;2016/02/09 18:53;0;0;"Photo: GOP presidential candidate Donald Trump's daughter, Ivanka, posts picture of family eating dinner at... http://fb.me/2vsqySD9c ";;;;"697206657508642816";https://twitter.com/worldnewsshare/status/697206657508642816
pakistanwire;2016/02/09 18:53;0;0;"New Hampshire primary: Donald Trump and Bernie Sanders lead as final voting underway - live -… http://dlvr.it/KSfHgG ";;;;"697206650134880256";https://twitter.com/pakistanwire/status/697206650134880256
A1MyLove4ever;2016/02/09 18:53;0;0;"I wonder if the #NHPrimary will go the same way as the #OhioPrimary did for Donald Trump, who for me, every time he speaks, my blood boils";Galashiels, Scotland;;#NHPrimary #OhioPrimary;"697206648440549376";https://twitter.com/A1MyLove4ever/status/697206648440549376
eveningstorm1;2016/02/09 18:53;0;3;"@BretBaier @google @realDonaldTrump WHY DOESN'T DONALD TRUMP GO AWAY? pic.twitter.com/lCC8SDzrdO";;@BretBaier @google @realDonaldTrump;;"697206645148028928";https://twitter.com/eveningstorm1/status/697206645148028928
catherinejtouch;2016/02/09 18:53;0;0;"DONALD TRUMP WON OVER JEB BUSH IS LEADING PARTY CANDIDATE I VOTED FOR DCT. It's no expiration date.";;;;"697206614751899649";https://twitter.com/catherinejtouch/status/697206614751899649
Kruisin4CRUZ;2016/02/09 18:53;2;1;"#NHPrimary #BankruptsyBoy #Donaldtrump is a snake & has never bettered himself 4 the office #CruzCrew #TedCruzhttps://twitter.com/SMolloyDVM/status/697172389654876161 …";;;#NHPrimary #BankruptsyBoy #Donaldtrump #CruzCrew #TedCruzhttps;"697206609290858496";https://twitter.com/Kruisin4CRUZ/status/697206609290858496
politico;2016/02/09 18:53;26;30;"Ted Cruz wasn't happy with Donald Trump calling him the P-word http://politi.co/1RnwsZ4 pic.twitter.com/vWnTjjo9lx";;;;"697206607441227776";https://twitter.com/politico/status/697206607441227776
TheTruth24UK;2016/02/09 18:52;0;0;"#MostRead Donald Trump for President? Banning Muslims, Bombing ISIS and other key policies.. http://uk.r24.co/p/14999 ";;;#MostRead;"697206587119661056";https://twitter.com/TheTruth24UK/status/697206587119661056
nickgoff79;2016/02/09 18:52;5;0;"http://www.nytimes.com/2002/10/23/nyregion/trump-draws-criticism-for-ad-he-ran-after-jogger-attack.html … Here's a piece about Donald Trump taking an advert in the NY Times in 1989 calling for the death penalty for 5 kids.";;;;"697206573773537280";https://twitter.com/nickgoff79/status/697206573773537280
satirist_indian;2016/02/09 18:52;0;0;"How Donald Trump helped save New York City http://ln.is/nypost.com/2016/02/0/iWZhi … via @nypost";;@nypost;;"697206567100379137";https://twitter.com/satirist_indian/status/697206567100379137
The_KMich;2016/02/09 18:52;0;0;"Now my masochistic tendencies take over and I go watch as, for some reason, Donald Trump wins a presidential primary";;;;"697206492399689728";https://twitter.com/The_KMich/status/697206492399689728
dmitch211;2016/02/09 18:52;1;1;"Donald trump would make a fantastic president";;;;"697206475681361920";https://twitter.com/dmitch211/status/697206475681361920
jerrysremodeli1;2016/02/09 18:52;16;9;"Get on your gocart and go Vote For Donald Trump New Hampshire pic.twitter.com/HtVFM3oQzd";Kansas, USA;;;"697206456538378240";https://twitter.com/jerrysremodeli1/status/697206456538378240
jerrysremodeli1;2016/02/09 18:52;8;3;"Donald Trump for President pic.twitter.com/v2yKJnFUFX";;;;"697206446094548992";https://twitter.com/jerrysremodeli1/status/697206446094548992
BretBaier;2016/02/09 18:52;8;18;"Top trending @google questions for @realDonaldTrump #DonaldTrump #NHPrimarypic.twitter.com/GDZAYNPgPr";;@google @realDonaldTrump;#DonaldTrump #NHPrimarypic;"697206423122526208";https://twitter.com/BretBaier/status/697206423122526208
Jarlath;2016/02/09 18:52;3;12;"You know the way Donald Trump was at one time just a man on a game show who we all kinda laughed at? Yeah, he never saw himself like that.";;;;"697206386372038657";https://twitter.com/Jarlath/status/697206386372038657
rutilofilo4ever;2016/02/09 18:52;1;2;"Bueno pues ahora toca esperar a 2023 o a que Donald Trump gane las elecciones.";;;;"697206375596871681";https://twitter.com/rutilofilo4ever/status/697206375596871681
jerrysremodeli1;2016/02/09 18:52;20;11;"America there coming for your jobs your money and possibly your life help stop this Vote for Donald Trump pic.twitter.com/nNUokat9xd";Kansas, USA;;;"697206363185766400";https://twitter.com/jerrysremodeli1/status/697206363185766400
lynney62;2016/02/09 18:52;5;5;"Donald Trump: More Criminal Illegal Aliens at Large in U.S. than Population of any City in New Hampshire http://www.breitbart.com/immigration/2016/02/08/donald-trump-more-criminal-illegal-aliens-at-large-in-u-s-than-population-of-any-city-in-new-hampshire/ …";;;;"697206360413372417";https://twitter.com/lynney62/status/697206360413372417
ira;2016/02/09 18:52;1;8;"This isn’t support for him... But seeing as how they didn’t get rid of racist Donald Trump, VERY interested to see if Kanye is still on SNL.";;;;"697206359977144322";https://twitter.com/ira/status/697206359977144322
michaelallenmar;2016/02/09 18:51;5;3;"Donald Trump Utilizes Racism, but Hillary Clinton Used Similar Tactics Against Obama in 2008 http://www.huffingtonpost.com/h-a-goodman/donald-trump-utilizes-racism-_b_8756816.html … … via @HuffPostPol";;@HuffPostPol;;"697206286887178240";https://twitter.com/michaelallenmar/status/697206286887178240
Jaymason27;2016/02/09 18:51;0;1;"damn Donald Trump's daughter is pregnant that poor little nugget is gonna have the shittiest grandpa";;;;"697206256336031744";https://twitter.com/Jaymason27/status/697206256336031744
Hoosier2012;2016/02/09 18:51;0;1;"Someone wants Donald Trump elected...or needs to tell our government to get their ass in gear...or both. https://twitter.com/BNONews/status/697205930161762306 …";;;;"697206236341739520";https://twitter.com/Hoosier2012/status/697206236341739520
Rafihamid1;2016/02/09 18:51;0;0;"TIME : Donald Trump’s son compares waterboarding to frat parties http://ti.me/1nVlfmt  … http://twitter.com/TIME/status/697166862380109824 …)pic.twitter.com/KmOhIwbWCj";;;;"697206236291289089";https://twitter.com/Rafihamid1/status/697206236291289089
ForecasterEnten;2016/02/09 18:51;42;56;"Before we get too far ahead of ourselves: Donald Trump and Bernie Sanders are likely to win primaries tonight. Amazing.";;;;"697206215575801861";https://twitter.com/ForecasterEnten/status/697206215575801861
Rafihamid1;2016/02/09 18:51;0;0;"TIME : Donald Trump repeats offensive name for Ted Cruz at rally http://ti.me/20T9dZt  … http://twitter.com/TIME/status/697159295541055488 …)pic.twitter.com/OclyrX4sMd";;;;"697206214673985536";https://twitter.com/Rafihamid1/status/697206214673985536
CryBabyPrize;2016/02/09 18:51;1;0;"Donald Trump was criticizing Ted Cruz for having insufficiently endorsed torture http://interc.pt/1O1Nplf  by @mazmhussain @froomkin";;@mazmhussain @froomkin;;"697206185854763008";https://twitter.com/CryBabyPrize/status/697206185854763008
ItsArianaC;2016/02/09 18:51;0;2;"@lifeaseva if you look like a garbage can then I must be Donald Trump pic.twitter.com/t2ae68o5k9";;@lifeaseva;;"697206170969358337";https://twitter.com/ItsArianaC/status/697206170969358337
lenacatherinep;2016/02/09 18:51;3;6;"very sad to hear about donald trump. nothing happened to him i’m just sad to hear about him";Grayslake, IL;;;"697206138991816704";https://twitter.com/lenacatherinep/status/697206138991816704
InvestingLatest;2016/02/09 18:51;0;0;"FT: A brash Donald Trump tested: New Hampshire primary vote on contrasts. http://on.ft.com/1nWmVwe pic.twitter.com/cG7Ylo9blR";;;;"697206111905148928";https://twitter.com/InvestingLatest/status/697206111905148928
palestininianpr;2016/02/09 18:51;3;1;"Donald Trump will look Syrian kids in the face and say 'go home' http://ln.is/independent.co.uk/y38RD …";;;;"697206091076206592";https://twitter.com/palestininianpr/status/697206091076206592
auldcove;2016/02/09 18:50;0;0;"Donald Trump plays word association! It's 'evil' for Hillary Clinton http://dailym.ai/1Q6Xk0c  via @MailOnline";;@MailOnline;;"697206045274468352";https://twitter.com/auldcove/status/697206045274468352
car8lover;2016/02/09 18:50;0;0;"Ford's Mexico expansion plans amount to a nice gift for Trump: So as it turns out, Donald Trump was right about… http://dlvr.it/KSfG1L ";;;;"697205993688555520";https://twitter.com/car8lover/status/697205993688555520
UKDogNews;2016/02/09 18:50;0;0;"Donald Trump Clearly Doesn't Understand How Dogs Work - Huffington Post http://dlvr.it/KSfFmG  - #UK #dog";;;#UK #dog;"697205983869665280";https://twitter.com/UKDogNews/status/697205983869665280
PortalZigZag;2016/02/09 18:50;0;0;"Canadians Don't Like Donald Trump, Poll Reveals http://ift.tt/1PAKotW ";;;;"697205958053883904";https://twitter.com/PortalZigZag/status/697205958053883904
pinnie99;2016/02/09 18:50;0;0;"Jebbie always has 2 feet in his stupid mouth>/"Here's Why Donald Trump SaysJeb Is 'Very Embarrassed' By Attacks" at http://ln.is/www.hannity.com/arti/umqed …";;;;"697205926835720192";https://twitter.com/pinnie99/status/697205926835720192
kengfeed;2016/02/09 18:50;0;0;"New Hampshire latest: Early exit polls: Donald Trump and Bernie Sanders were expected to win New Hampshire, bu... http://cnb.cx/1RnwqjZ ";;;;"697205910750400512";https://twitter.com/kengfeed/status/697205910750400512
LPCarlson2;2016/02/09 18:50;1;1;"Trump Supporter Video - EP 3 "The Real Donald Trump Story" L I S T E N!! http://youtu.be/LmWOOrwDUug ";;;;"697205908015816708";https://twitter.com/LPCarlson2/status/697205908015816708
BoutiqaShop;2016/02/09 18:50;0;0;"New Hampshire Primary 2016 Polls: Donald Trump And Bernie Sanders Could Be Headed To Big Wins, Final Polls Show #fa…pic.twitter.com/j35dNhqA1k";;;#fa;"697205895978160128";https://twitter.com/BoutiqaShop/status/697205895978160128
OfficialKB707;2016/02/09 18:50;0;0;"Which Revolutionary Will America Choose — Bernie Sanders, Donald Trump or Ted Cruz http://www.glennbeck.com/2016/02/09/which-revolutionary-will-america-choose-bernie-sanders-donald-trump-or-ted-cruz/?utm_source=twitter&utm_medium=story&utm_campaign=ShareButtons …";;;;"697205894254170112";https://twitter.com/OfficialKB707/status/697205894254170112
film_vulture;2016/02/09 18:50;0;1;"@andymannion77 Kanye is determined to be the Donald Trump of hip hop.";;@andymannion77;;"697205893159632896";https://twitter.com/film_vulture/status/697205893159632896
Maddi_Smith007;2016/02/09 18:50;0;1;"Kanye West and Donald Trump are so incredibly similar, the two are so bold, you can't dislike them";;;;"697205877712011264";https://twitter.com/Maddi_Smith007/status/697205877712011264
rolandsmartin;2016/02/09 18:50;5;10;"#NewsOneNow Audio Podcast: Where Is #DonaldTrump's Jobs Plan? Where Is #DanielHoltzclaw? http://ow.ly/Y8SVK  http://fb.me/29oZvDDzu ";;;#NewsOneNow #DonaldTrump #DanielHoltzclaw;"697205875254128640";https://twitter.com/rolandsmartin/status/697205875254128640
Rebeccamcle0d;2016/02/09 18:50;0;0;"Gd luck America if Donald trump becomes president xx there's a spare bed in my gaff if anyone needs it x";;;;"697205869767950336";https://twitter.com/Rebeccamcle0d/status/697205869767950336
charlottor;2016/02/09 18:50;0;1;"@Willtholmes I kind of love Donald Trump because he's so completely ridiculous but then I remember he's running to run the world & Is not";;@Willtholmes;;"697205866798383104";https://twitter.com/charlottor/status/697205866798383104
dna;2016/02/09 18:50;4;1;"Donald Trump, Bernie Sanders look to emerge from New Hampshire with wins http://dnai.in/daQX ";;;;"697205864562716672";https://twitter.com/dna/status/697205864562716672
kevwodonnell;2016/02/09 18:50;0;1;"My favourite ever response to a Donald Trump tweet. #NewHampshirePrimarypic.twitter.com/PVT8AoYDlP";Glasgow, Scotland;;#NewHampshirePrimarypic;"697205855343788034";https://twitter.com/kevwodonnell/status/697205855343788034
thechefbones;2016/02/09 18:49;0;1;"@Urza83 @realDonaldTrump can we just wall in Donald trump like the cask of Amontillado.";;@Urza83 @realDonaldTrump;;"697205775685566464";https://twitter.com/thechefbones/status/697205775685566464
Sweenn;2016/02/09 18:49;1;0;"Dont get all political im just saying at the very least my man Donald Trump is fucking hilarious";;;;"697205755972169729";https://twitter.com/Sweenn/status/697205755972169729
bermanmatt;2016/02/09 18:49;0;1;"What could more in line with the ridiculous excess of Fat Tuesday than for a state to make Donald Trump its top choice for President.";;;;"697205740717654016";https://twitter.com/bermanmatt/status/697205740717654016
NicTaggart;2016/02/09 18:49;0;1;"@animaggus There was a beautiful example of the form from Donald Trump Jr. yesterday pic.twitter.com/88x2NjD6I2";;@animaggus;;"697205715178536965";https://twitter.com/NicTaggart/status/697205715178536965
newspaperfeeds;2016/02/09 18:49;1;2;"New Hampshire primary: Donald Trump and Bernie Sanders lead as final voting underway - live http://goo.gl/fb/r2vVQl ";;;;"697205694991360001";https://twitter.com/newspaperfeeds/status/697205694991360001
710KNUS;2016/02/09 18:49;0;0;"RT @HughHewitt Ivanka Trump On The 2016 Race And Donald Trump As A Father: The audio: 02-09hhs-i... http://bit.ly/1Wcn0qH  #TCOT #HEWITT";;@HughHewitt;#TCOT #HEWITT;"697205692592041984";https://twitter.com/710KNUS/status/697205692592041984
robin11dr;2016/02/09 18:49;0;0;"Given to Rubio & Cruz the RNC isn't going quietly into that good night so neither should we, Vote Donald Trump MAGA https://twitter.com/mitchellvii/status/697197241761665026 …";;;;"697205639806902272";https://twitter.com/robin11dr/status/697205639806902272
tweeting4trump;2016/02/09 18:49;0;0;"Full Speech: Donald Trump They NEVER turn the cameras #WakeUpAmericahttp://youtu.be/c-UyrR2I9l0 ";;;#WakeUpAmericahttp;"697205624954884097";https://twitter.com/tweeting4trump/status/697205624954884097
WCVB;2016/02/09 18:49;0;1;"Video: Donald Trump: Polls don't matter if people don't vote http://bit.ly/1mqVauK ";;;;"697205624346546176";https://twitter.com/WCVB/status/697205624346546176
RWingFighter;2016/02/09 18:49;0;0;"Is Donald Trump Pat Buchanan with a Casino? And Other Questions About Tonight's Results http://dlvr.it/KSfCQ4 ";;;;"697205589647044608";https://twitter.com/RWingFighter/status/697205589647044608
rc1963;2016/02/09 18:48;0;0;"Trump is importing workers Exclusive: Donald Trump's companies have sought visas to import at least 1,100 workers http://www.reuters.com/article/us-usa-election-trump-exclusive-idUSKCN0Q62RQ20150802 …";;;;"697205544722034688";https://twitter.com/rc1963/status/697205544722034688
skeeteronmy;2016/02/09 18:48;0;2;"How does a Ron Paul fan go to being a Donald Trump fan? Vote #Trump #NHPrimarypic.twitter.com/DkIymljJR2";;;#Trump #NHPrimarypic;"697205536182259712";https://twitter.com/skeeteronmy/status/697205536182259712
DTNCanada;2016/02/09 18:48;0;1;"DTN Canada: Donald Trump, Bernie Sanders look to leave New Hampshire as winners: MANCHESTER, N.H. — Donald Tru... http://on.thestar.com/1WcmQ2L ";;;;"697205458642169856";https://twitter.com/DTNCanada/status/697205458642169856
SamauriBoyd;2016/02/09 18:48;0;1;"Can't believe people are actually voting for Donald Trump.";;;;"697205442238398464";https://twitter.com/SamauriBoyd/status/697205442238398464
cparish7News;2016/02/09 18:48;1;0;"If Donald Trump loses tonight, I just want you all to know that I have officially called "TRUMP TRUMPED" as a headline. So BACK OFF.";;;;"697205438639706112";https://twitter.com/cparish7News/status/697205438639706112
David360NC;2016/02/09 18:48;12;8;""THE REAL DONALD TRUMP" - The Character Examination By Peers https://youtu.be/jmZ5y19Dc6k  #NHGOP #NH #SCGOP #NCGOP #NRApic.twitter.com/9YGX5d1lrU";North Carolina, USA;;#NHGOP #NH #SCGOP #NCGOP #NRApic;"697205431563849730";https://twitter.com/David360NC/status/697205431563849730
siiieee;2016/02/09 18:48;0;1;"donald trump is racist dad lol";;;;"697205414723608576";https://twitter.com/siiieee/status/697205414723608576
USNavyMomPA;2016/02/09 18:48;9;4;"This slip up admission from Donald Trump just proved his rallies are bullsh*t http://winningdemocrats.com/this-slip-up-admission-from-trump-just-proved-his-rallies-are-bullsht-video/ …";;;;"697205395115401217";https://twitter.com/USNavyMomPA/status/697205395115401217
BarryHartigan;2016/02/09 18:48;1;0;"Donald Trump Calls Ted Cruz a ‘P—–‘ in New Hampshire, Repeating Insult From Crowd Very grown up Donald... http://variety.com/2016/biz/news/donald-trump-ted-cruz-new-hampshire-primary-rally-1201700403/ …";;;;"697205366359265280";https://twitter.com/BarryHartigan/status/697205366359265280
odysseykent;2016/02/09 18:48;1;0;"15 Times Donald Trump Was Donald Trump. #DonaldTrump #Trump2016 #Politics via: @csully15http://theodysseyonline.com/kent-state/15-times-donald-trump-was-donald-trump/304244 …";;@csully15http;#DonaldTrump #Trump2016 #Politics;"697205362038951937";https://twitter.com/odysseykent/status/697205362038951937
WestVirginiaHub;2016/02/09 18:48;0;2;"How West Virginia explains Donald Trump's political success http://www.snsanalytics.com/2RD9y6 ";;;;"697205347128201216";https://twitter.com/WestVirginiaHub/status/697205347128201216
Jessica_B_15;2016/02/09 18:48;0;1;"@B3NLaws4 hope you had a good day even tho you tweet about Donald Trump";;@B3NLaws4;;"697205345605853184";https://twitter.com/Jessica_B_15/status/697205345605853184
TrumpMyPres;2016/02/09 18:47;4;6;"DONALD TRUMP SUPPORTER "ROSIE O'DONNELL" DENIED VOTING PRIVILEGE IN NH. @realDonaldTrump @ChristiChat @Lrihendryhttps://twitter.com/matthewr1960/status/697117216555278336 …";;@realDonaldTrump @ChristiChat @Lrihendryhttps;;"697205265674801152";https://twitter.com/TrumpMyPres/status/697205265674801152
AIIAmericanGirI;2016/02/09 18:47;9;7;"Ben Carson: I'm Open to Being Donald Trump's Vice-President http://feedproxy.google.com/~r/lifenews/newsfeed/~3/ZFl4ip9Ec7I/ …";;;;"697205256715763712";https://twitter.com/AIIAmericanGirI/status/697205256715763712
SusanMcNeill;2016/02/09 18:47;1;1;"Ben Carson Would ‘Sit Down and Discuss’ VP Spot With Donald Trump (Video) https://shar.es/145epi  via @TheWrap";;@TheWrap;;"697205253498916864";https://twitter.com/SusanMcNeill/status/697205253498916864
finneganLAT;2016/02/09 18:47;1;0;"Donald Trump's vulgar remark casts shadow over his New Hampshire campaign http://www.latimes.com/nation/politics/trailguide/la-na-new-hampshire-primary-live-updates-trailguide-20160208-htmlstory.html#2242 …";;;#2242;"697205228106551296";https://twitter.com/finneganLAT/status/697205228106551296
wattsjim;2016/02/09 18:47;0;1;"@mitchellvii @leejac424 Either way, #DonaldTrump kept his #Integrity intact...unlike some others...";;@mitchellvii @leejac424;#DonaldTrump #Integrity;"697205212205944837";https://twitter.com/wattsjim/status/697205212205944837
as_promised;2016/02/09 18:47;0;0;"MSNBC’s Tamron Hall unmasks Donald Trump: ‘The Great Wall of China was built with slave labor’ http://www.rawstory.com/2016/02/msnbcs-tamron-hall-unmasks-donald-trump-the-great-wall-of-china-was-built-with-slave-labor/#.Vrp6jXPr7zI.twitter …";;;#;"697205202743480321";https://twitter.com/as_promised/status/697205202743480321
debswinney;2016/02/09 18:47;0;0;"Donald Trump's son is tweeting support for him with the hashtag #TrumpTrain. Parp parp!";;;#TrumpTrain;"697205176705351681";https://twitter.com/debswinney/status/697205176705351681
PanAmPost_es;2016/02/09 18:47;2;1;"Las primeras encuestas dan como ganadores a Donald Trump y a Bernie Sanders en #NewHampshire Sigue en vivohttp://bit.ly/1SGIMVQ ";;;#NewHampshire;"697205170128740352";https://twitter.com/PanAmPost_es/status/697205170128740352
njosk99;2016/02/09 18:47;0;1;"If Donald Trump can win New Hampshire and South Carolina he's basically unstoppable";;;;"697205128953114624";https://twitter.com/njosk99/status/697205128953114624
utbrp;2016/02/09 18:47;2;5;"The popularity of Donald Trump, proves beyond a shadow of a doubt, just how many very very stupid people there are in our country..";;;;"697205084069842944";https://twitter.com/utbrp/status/697205084069842944
redhed67;2016/02/09 18:46;3;1;"Oh so classy-->Donald Trump Drops Eff Bomb https://youtu.be/kr-_Nwi2FyY  via @YouTube";;@YouTube;;"697205079175270401";https://twitter.com/redhed67/status/697205079175270401
hasai;2016/02/09 18:46;0;1;"Donald Trump repeated a vulgar insult made about Ted Cruz during a NH rally http://www.boston.com/news/politics/2016/02/09/donald-trump-repeated-vulgar-insult-made-about-ted-cruz-during-rally/S5IDO1zp0imVZR7rqdF9QK/story.html …pic.twitter.com/OSCJT5lwka";;;;"697205070702604288";https://twitter.com/hasai/status/697205070702604288
Cary88888888;2016/02/09 18:46;0;0;"Donald Trump: 'Maybe we should #boycottStarbucks' - http://CNNPolitics.com  http://cnn.it/20NdgaD  February 09, 2016 at 05:46PM";;;#boycottStarbucks;"697205069570301952";https://twitter.com/Cary88888888/status/697205069570301952
hamSamwichh;2016/02/09 18:46;0;12;"Henry retweeted Donald Trump.. I know I can unfollow him, but can I unbrother him?";;;;"697205051564105729";https://twitter.com/hamSamwichh/status/697205051564105729
Taniel;2016/02/09 18:46;4;3;"the Donald Trump-Kanye West 2020 election is off going to a great start... https://twitter.com/kanyewest/status/697199554807099394 …";;;;"697205046660964352";https://twitter.com/Taniel/status/697205046660964352
izzymizzz;2016/02/09 18:46;3;5;"if donald trump becomes president i am genuinely moving out of this country";;;;"697204999730962433";https://twitter.com/izzymizzz/status/697204999730962433
YellPink;2016/02/09 18:46;0;0;"Who will win in the Year of the Monkey? - If Donald Trump believes his victory is written in the stars, he may ... http://ow.ly/3b8olE ";;;;"697204924912951296";https://twitter.com/YellPink/status/697204924912951296
Crossman85;2016/02/09 18:46;3;8;"Donald Trump makes racist comments and it's ok cause he's "speaking his mind" but Beyoncé can't even make an X because it's "racist"";;;;"697204918973657088";https://twitter.com/Crossman85/status/697204918973657088
gyalalmighty;2016/02/09 18:46;4;8;""What are your thoughts on Donald Trump running for president?" #perfectfirstdatequestion";;;#perfectfirstdatequestion;"697204902104326144";https://twitter.com/gyalalmighty/status/697204902104326144
WorldwideHerald;2016/02/09 18:46;0;0;"Donald #Trump for President? Banning Muslims, Bombing ISIS and other key policies http://ly.worldwideherald.com/4LY  #tcotpic.twitter.com/47BnR24RNw";;;#Trump #tcotpic;"697204876011446272";https://twitter.com/WorldwideHerald/status/697204876011446272
smolwinchester;2016/02/09 18:46;0;0;"Dear God, please don't let Donald Trump become president or so help me";;;;"697204860454879232";https://twitter.com/smolwinchester/status/697204860454879232
palestininianpr;2016/02/09 18:46;3;0;"Donald Trump appears headed for win as Sanders leads over Clinton http://ln.is/www.theguardian.com/0uPYS …";;;;"697204855149039616";https://twitter.com/palestininianpr/status/697204855149039616
LeadStoriesCom;2016/02/09 18:46;3;2;"#NHPrimary Live Blog: Signs Of A Good Night For Donald Trump & Bernie Sanders http://go.shr.lc/1PAP4Ai pic.twitter.com/lGNkPOQ6vL";;;#NHPrimary;"697204854834397185";https://twitter.com/LeadStoriesCom/status/697204854834397185
SexMakeitBetter;2016/02/09 18:46;0;1;"Mexican President Says Country Will Not Pay For The Wall Donald Trump... http://fb.me/7Rvs6wjsG ";;;;"697204853420986369";https://twitter.com/SexMakeitBetter/status/697204853420986369
FLORANN2000;2016/02/09 18:46;0;0;"Ben Carson Would 'Discuss' VP Spot With Donald Trump http://www.thewrap.com/ben-carson-would-sit-down-and-discuss-vp-spot-with-donald-trump-video/ …";;;;"697204841337266178";https://twitter.com/FLORANN2000/status/697204841337266178
whowanstwobepre;2016/02/09 18:45;0;0;"Ben Carson would 'sit down and discuss' VP spot with Donald Trump:THINK HE WOULD MAKE GREAT VP AND POSSIBLY RUN FOR PRES AFTER TRUMP AND WIN";;;;"697204799511461888";https://twitter.com/whowanstwobepre/status/697204799511461888
homerfd;2016/02/09 18:45;1;1;"@CNNPolitics I predict Donald Trump loss in New Hamphire primary. Please hire me as a political analyst";;@CNNPolitics;;"697204764300304384";https://twitter.com/homerfd/status/697204764300304384
gopprimaries;2016/02/09 18:45;0;0;"Sen. Ted Cruz Responds to Donald Trump Calling Him a P***y: Republican presidential candidate, S... http://bit.ly/1PAPcQ6  #GOPPrimaries";;;#GOPPrimaries;"697204742989049856";https://twitter.com/gopprimaries/status/697204742989049856
INVISTI;2016/02/09 18:45;0;0;"The New York Times cita sobre Venezuela. "Your Tuesday Evening Briefing: Donald Trump, James Clapper, Hillary... http://fb.me/3sGxyvil3 ";;;;"697204735208775680";https://twitter.com/INVISTI/status/697204735208775680
wadhwa;2016/02/09 18:45;6;7;"Difference between Donald Trump and Silicon Valley --an excerpt from legendary @oppenheimera's book on innovationhttp://www.miamiherald.com/entertainment/books/article59339573.html …";;@oppenheimera;;"697204732415184896";https://twitter.com/wadhwa/status/697204732415184896
BelovedLadyLove;2016/02/09 18:45;0;0;"Viewpoint: Are Donald Trump and his rivals a big joke? - BBC News http://www.bbc.co.uk/news/magazine-35521558 …";;;;"697204725293457408";https://twitter.com/BelovedLadyLove/status/697204725293457408
sportzcrazed;2016/02/09 18:45;0;0;"The street artist who painted Donald Trump as a poop emoji tells us why he did it http://ln.is/businessinsider.com/LKOxp …";;;;"697204705441792002";https://twitter.com/sportzcrazed/status/697204705441792002
oxcyland;2016/02/09 18:45;0;3;"if donald trump becomes president im moving to Hawaii";;;;"697204693924073472";https://twitter.com/oxcyland/status/697204693924073472
bullsin_bronx;2016/02/09 18:45;0;2;"tbh as long as its not donald trump idc who wins";;;;"697204690115756032";https://twitter.com/bullsin_bronx/status/697204690115756032
aslevin11;2016/02/09 18:45;0;2;"Just asked my sister, "Where is Donald trump from?" Her response, "Hell?" well said Kristin";Indianapolis, IN;;;"697204669966393344";https://twitter.com/aslevin11/status/697204669966393344
David360NC;2016/02/09 18:45;8;10;""THE REAL DONALD TRUMP" - The Character Examination By Peers https://youtu.be/jmZ5y19Dc6k  #NHGOP #NH #SCGOP #Trump2016pic.twitter.com/Jn6d5ux4sP";North Carolina, USA;;#NHGOP #NH #SCGOP #Trump2016pic;"697204665931468800";https://twitter.com/David360NC/status/697204665931468800
FlamingoJunior;2016/02/09 18:45;1;1;"My new champantos #newbalance #NationalPizzaDay #corsairgaming #CamNewton #DonaldTrump #BroncosParade #umaruchanpic.twitter.com/M48ICoAJls";;;#newbalance #NationalPizzaDay #corsairgaming #CamNewton #DonaldTrump #BroncosParade #umaruchanpic;"697204659891482624";https://twitter.com/FlamingoJunior/status/697204659891482624
Janetlarose1;2016/02/09 18:45;0;1;"@JasonsGrandpa @SSbridges51 2HANDSOME MEN #RONALD# DONALD. .. #TRUMP";;@JasonsGrandpa @SSbridges51;#RONALD # #TRUMP;"697204639381508098";https://twitter.com/Janetlarose1/status/697204639381508098
TheNewsClub_US;2016/02/09 18:45;0;0;"#TheNewsClub Photo: GOP presidential candidate Donald Trump's daughter, Ivanka, posts… http://tnc.news/KSf8vn pic.twitter.com/3IZBui1BgG";;;#TheNewsClub;"697204635262537728";https://twitter.com/TheNewsClub_US/status/697204635262537728
HahnAmerica;2016/02/09 18:45;1;1;"Donald Trump endorses beheading http://www.salon.com/2016/02/08/donald_trump_endorses_beheading_robotic_marco_rubio_self_implodes_and_the_gop_insanity_only_gets_wilder/ …https://twitter.com/CarmineSabia/status/697204054783606785 …";;;;"697204630929838080";https://twitter.com/HahnAmerica/status/697204630929838080
Sir_Fahrenheit;2016/02/09 18:45;1;0;"@KirkSeriousFace Donald Trump is so pissed because he had the same tweet scheduled to go out at about 11:30 tonight.";;@KirkSeriousFace;;"697204626920046593";https://twitter.com/Sir_Fahrenheit/status/697204626920046593
atticsonline;2016/02/09 18:45;4;2;"These 5 Acts of Kindness Reveal There's More to Donald Trump Than Just His Celebrity Persona http://www.ijreview.com/2015/11/461306-these-5-acts-of-kindness-reveal-theres-more-to-donald-trump-than-just-his-celebrity-persona/?utm_source=Twitter&utm_medium=Social&utm_content=post-footer&utm_campaign=Sharing … via @injo";;@injo;;"697204619773112324";https://twitter.com/atticsonline/status/697204619773112324
TIME;2016/02/09 18:45;51;67;". @lenadunham to Donald Trump: "What about your daughter?" http://ti.me/1PgUSyE ";;@lenadunham;;"697204600705785858";https://twitter.com/TIME/status/697204600705785858
Christielizer;2016/02/09 18:45;0;0;"Chris Christie, Donald Trump's son run into each other in New Hampshire http://chrischristie.trendolizer.com/2016/02/chris-christie-donald-trumps-son-run-into-each-other-in-new-hampshire.html …pic.twitter.com/n4wf1OEErv";;;;"697204597954318337";https://twitter.com/Christielizer/status/697204597954318337
serge_poznanski;2016/02/09 18:44;0;0;"FT: A brash Donald Trump tested: New Hampshire primary vote on contrasts. http://on.ft.com/1nWmVwe pic.twitter.com/dLlHzkgLpl";;;;"697204552886566912";https://twitter.com/serge_poznanski/status/697204552886566912
caioblinder;2016/02/09 18:44;8;21;"Os sinais são de que o democrata Bernie Sanders sairá com melhores notícias de New Hampshire do que o republicano Donald Trump";;;;"697204518128377856";https://twitter.com/caioblinder/status/697204518128377856
hahannah14;2016/02/09 18:44;0;1;"People are actually voting for Donald Trump where did we fail...";;;;"697204472989290496";https://twitter.com/hahannah14/status/697204472989290496
TheresaMechele;2016/02/09 18:44;9;14;"Donald Trump Incredible Acts of Kindness we never hear about. Truly cares about people http://ijreview.com/2015/11/461306-these-5-acts-of-kindness-reveal-theres-more-to-donald-trump-than-just-his-celebrity-persona/ … … …https://twitter.com/Ricky_Vaughn99/status/697203358181027840 …";;;;"697204470862581760";https://twitter.com/TheresaMechele/status/697204470862581760
Amontanafm;2016/02/09 18:44;1;1;"Who will win in the Year of the Monkey?: If Donald Trump believes his victory is written in the... http://tinyurl.com/z68hfyk  @RaulMarmolejo";;@RaulMarmolejo;;"697204463023443968";https://twitter.com/Amontanafm/status/697204463023443968
unasirenabella;2016/02/09 18:44;0;1;"You @realDonaldTrump supporters are also #deranged. #DonaldTrump";;@realDonaldTrump;#deranged #DonaldTrump;"697204462071451648";https://twitter.com/unasirenabella/status/697204462071451648
vancouverboomer;2016/02/09 18:44;0;0;"What is insulting about it? GOP +Donald Trump r insulting. You know who @RBReich is/follow him; why insult him?https://twitter.com/wgstrong/status/697199683530203136 …";;@RBReich;;"697204442303627264";https://twitter.com/vancouverboomer/status/697204442303627264
JonnySlice;2016/02/09 18:44;1;1;"Donald Trump is everything that's great about America";;;;"697204440974159874";https://twitter.com/JonnySlice/status/697204440974159874
Fearguth;2016/02/09 18:44;0;1;""Other than Donald Trump, does anyone else call you 'Pussy in Boots'?" pic.twitter.com/tb4QqgPsHO";;;;"697204436762890241";https://twitter.com/Fearguth/status/697204436762890241
Antagoniste_net;2016/02/09 18:44;5;6;"Mémo pour les médias ce soir. Donald Trump n'est pas d'extrême droite, il n'est même pas de droite. Trump est un nationaliste. #NHPrimary";;;#NHPrimary;"697204415883771904";https://twitter.com/Antagoniste_net/status/697204415883771904
PatriotCorner;2016/02/09 18:44;5;10;"Is Donald Trump Pat Buchanan with a Casino? And Other Questions About Tonight's Results: As we await the New H... http://bit.ly/1T5gYsv ";;;;"697204401811816448";https://twitter.com/PatriotCorner/status/697204401811816448
fairygodmoth3r;2016/02/09 18:44;1;0;"Donald Trump knows he can't beat Hillary but he can beat Sanders easily. https://twitter.com/eugene_scott/status/697063085761294337 …";;;;"697204382128066560";https://twitter.com/fairygodmoth3r/status/697204382128066560
magicmatthunter;2016/02/09 18:44;1;0;"@iamchrisscott Yeah Donald Trump is terrible. What kind of clown wants to take care of r vets, fix trade imbalances and solidify the border?";;@iamchrisscott;;"697204367640776704";https://twitter.com/magicmatthunter/status/697204367640776704
Variety;2016/02/09 18:44;8;11;"Donald Trump repeated a crowd member's harsh insult against Ted Cruz at yesterday's rally http://bit.ly/1Q4lmTv pic.twitter.com/dIRyfxdgTb";;;;"697204351798943744";https://twitter.com/Variety/status/697204351798943744
TheUrbanDaily;2016/02/09 18:44;2;2;"Mexican President Says Country Will Not Pay For The Wall Donald Trump Wants So Bad [EXCLUSIVE AUDIO] http://trib.al/Zl3T0Sg ";;;;"697204340235374592";https://twitter.com/TheUrbanDaily/status/697204340235374592
toddroc1;2016/02/09 18:44;0;4;"@foxnewsalert New Hampshire, you should only have to vote for one person in the Republican primary! DONALD TRUMP, he's the MAN people!!";;@foxnewsalert;;"697204333704777730";https://twitter.com/toddroc1/status/697204333704777730
DrGMLaTulippe;2016/02/09 18:43;4;14;"BREAKING: Kanye West now leading Donald Trump in New Hampshire by 30 points.";;;;"697204315639799808";https://twitter.com/DrGMLaTulippe/status/697204315639799808
Tweets4Pay;2016/02/09 18:43;0;0;"I have never voted for a Democrat and I am not going to make Donald Trump the first.";;;;"697204293213016064";https://twitter.com/Tweets4Pay/status/697204293213016064
mundyspeaks;2016/02/09 18:43;2;4;"Ben Carson: Open to Donald Trump's Vice President Slot - Breitbart http://bit.ly/1nW5MCH  via @BreitbartNews";;@BreitbartNews;;"697204285063303169";https://twitter.com/mundyspeaks/status/697204285063303169
najoua_ali;2016/02/09 18:43;6;9;"Donald Trump is that kid that comes to class having read none of the material but tries to seem like he did by talking a lot.";;;;"697204227785895936";https://twitter.com/najoua_ali/status/697204227785895936
AndyS8;2016/02/09 18:43;0;1;"http://www.huffingtonpost.com/entry/donald-trump-dogs_us_56b99a5ee4b04f9b57dafa54 … Apparently Donald Trump needs to meet an actual dog.";;;;"697204207011680257";https://twitter.com/AndyS8/status/697204207011680257
CNNGermanyPR;2016/02/09 18:43;0;2;"Who will win in the Year of the Monkey?: If Donald Trump believes his victory is written in the stars, he may ... http://cnn.it/1L9yNA9 ";;;;"697204197536608256";https://twitter.com/CNNGermanyPR/status/697204197536608256
MathFaithWorks;2016/02/09 18:43;0;0;"GOP Primary Poll. Did Obama import Brown people to vote Dem to give them stuff? 1) Too many. 2) About right. 3) Not enough. Donald Trump.";;;;"697204177857069058";https://twitter.com/MathFaithWorks/status/697204177857069058
teigland_cindy;2016/02/09 18:43;0;0;"Here are 9 times Donald Trump's campaign should have imploded http://www.vox.com/2016/2/9/10952772/donald-trump-new-hampshire?utm_campaign=vox&utm_content=article%3Atop&utm_medium=social&utm_source=twitter … via voxdotcom";;;;"697204175768137728";https://twitter.com/teigland_cindy/status/697204175768137728
syedzafar5;2016/02/09 18:43;0;0;"New Hampshire primary: Donald #Trump and Bernie Sanders lead as final voting underway - live… http://goo.gl/fb/m2YTwr ";;;#Trump;"697204103399743488";https://twitter.com/syedzafar5/status/697204103399743488
